{"accuracy": [0.5741150379180908, 0.730088472366333, 0.7986725568771362, 0.8053097128868103, 0.8384955525398254, 0.8683628439903259, 0.9081858396530151, 0.9181416034698486, 0.9181416034698486, 0.9181416034698486, 0.9258849620819092, 0.9513274431228638, 0.9524336457252502, 0.9535398483276367, 0.9502212405204773, 0.9358407258987427], "loss": [1.0311572551727295, 0.685341477394104, 0.5379467606544495, 0.4871091842651367, 0.42984381318092346, 0.3751048743724823, 0.2886306941509247, 0.24914032220840454, 0.2253495305776596, 0.20743094384670258, 0.20251871645450592, 0.1481318175792694, 0.15323305130004883, 0.1574963629245758, 0.1402747631072998, 0.16972360014915466], "val_accuracy": [0.40969163179397583, 0.3876652121543884, 0.8722466826438904, 0.8854625821113586, 0.8942731022834778, 0.5903083682060242, 0.8898678421974182, 0.9118942618370056, 0.5330396294593811, 0.907489001750946, 0.9207048416137695, 0.8414096832275391, 0.9207048416137695, 0.4273127615451813, 0.933920681476593, 0.784140944480896], "val_loss": [1.3955813646316528, 1.3456337451934814, 0.454048216342926, 0.3630281686782837, 0.28665924072265625, 1.2345023155212402, 0.28762516379356384, 0.23998673260211945, 1.2438539266586304, 0.23298734426498413, 0.1851380467414856, 0.3422822654247284, 0.20027796924114227, 2.6986279487609863, 0.19441762566566467, 0.4507533311843872]}